Periodo,Caña_de_Azúcar,Café,Algodón_Rama,Uva,Aceituna,Cacao,Té,Palma_Aceitera,Achiote,Orégano,Arroz_Cáscara,Maíz_Amarillo_Duro,Maíz_Amilaceo,Trigo,Cebada_Grano,Quinua,Avena_Grano,Maíz_Morado,Papa,Yuca,Camote,Oca,Olluco,Maca,Mashua_o_Izaño,Alfalfa,Plátano,Limón,Naranja,Manzana,Mango,Piña,Papaya,Mandarina,Palta,Melocotón,Tuna,Sandía,Tangelo,Chirimoya,Lúcuma,Pacae,Melon,Marácuya,Fresa,Granadilla,Pecana,Espárrago,Maíz_Choclo,Tomate,Ajo,Cebolla,Cebolla China,Zapallo,Pimiento_Morrón,Piquillo,Zanahoria,Páprika,Alcachofa,Rocoto,Ají,Frijol_Grano_Seco,Arveja_Grano_Verde,Arveja_Grano_Seco,Haba_Grano_Verde,Haba_Grano_Seco,Pallar_Grano_Seco,Frijol_Caupi_Grano_Seco,Lenteja_Grano_Seco,Chocho_o_tarhui,Garbanzo_Grano_Seco,Ave,Ovino,Porcino,Vacuno,Caprino,Alpaca,Llama,Huevos,Leche_fresca,Fibra_Alpaca,Fibra_Llama,Lana
201201,822.6,0.9,6.3,41.4,0,3.2,0.3,36.2,0,0.4,244.1,103.2,0.4,0.1,0,0.3,0,1.4,206,91.6,20.3,0,5,0,0,553.3,178.2,19.8,24.5,11.8,55.9,43.9,8.8,5.3,12.8,2.7,11.3,14.4,2.2,0.3,1,5,1.5,5.3,3.3,1.6,0,26,31,38.5,3.4,46,1.7,12.2,4,7.8,12.3,5.1,3.5,1,3.4,2.7,7.3,0,4.4,0,0.1,0.8,0,0,0,117.7,6.2,13.4,27.1,1.2,1.5,0.6,25.9,146.3,0.3,0.1,0.8
201202,734.7,6,10.6,50.7,0,3.7,0.8,36.2,0,0.5,130.9,114.6,1.7,0.1,0,0.1,0,1.9,251.8,83.5,16.9,0,5.5,0,0,590,173.6,24.2,21.2,15.5,39.8,37.1,9.4,6.6,14.2,6.1,19.8,11,2.9,1.1,2.3,11.1,1.9,5.3,1.9,2,0,26.3,34.6,26,2.8,39,2.1,18.7,2,0,10.9,4.1,3,1,5.3,1.9,12.8,0.1,9.4,0,0,0.6,0,0,0,117.9,6.8,13.1,28.4,1.2,1.9,0.7,25.7,148.6,0.9,0.1,3.4
201203,808.7,21.4,4.6,51.5,5.3,3.9,0.4,34.6,0,0.5,201.3,95.3,1.6,0.2,0.3,0.3,0,2.6,350.1,80.5,19.2,1,9.7,0,0.2,689,168.9,27,23.4,18,23.1,35.1,9.4,15.7,26.2,11,23.4,10.8,6.2,2.1,3.8,7,1.7,5.1,1.3,2.4,0,30.8,52,17.2,3.2,44.7,1.9,21.7,1.1,2.9,15.1,6.2,3.9,1.1,4.8,1.8,14.4,0.1,12.7,0.2,0,0.4,0,0.3,0,114.7,7.6,13.3,30.4,1.4,2.1,0.8,25.7,161.6,0.7,0.1,3.2
201204,690.6,54.4,27,41.1,33.3,5.3,0.4,36.9,0,2.2,262.6,78.5,20.2,0.8,9.2,23.1,1.9,3,775.8,89.6,20.1,23.6,28.2,0,5.1,706.3,172.4,27.3,32.9,18.8,7.8,34.3,10.5,28.4,33.2,2.6,11.3,5.6,8.9,4,2.9,5.2,1.6,5.1,0.6,3.2,0.1,25.6,69.3,9.9,2.9,57.3,1.6,18.6,2.3,3,14.4,7.1,2.5,1.3,6.1,4.9,16.7,0.7,13.4,6,0,2.4,0,0,0,110.7,8.6,13.6,33.1,1.4,2.7,0.9,25.7,165.4,0.1,0,0.6
201205,684.8,79.4,26.7,10.6,27.6,7.8,0.2,42.3,0,1.4,526.6,119,88.3,10.2,29.3,12.5,4.3,1.7,1023.1,102.9,19.7,39.8,62.5,0.2,15.1,616.5,174.4,25.4,43.7,13.1,3.4,31.8,11.2,39.9,42.4,1.4,5,2.5,8,3.5,1.7,4.4,1.3,4.3,0.3,3.5,0.7,25.5,37.9,13.7,3.8,54.2,2,16,2.4,0,15.3,7.2,2.5,1.3,3.8,14.8,11.7,7.9,8.9,21.9,0.1,16,0.1,2.3,0,120.6,9.1,14.3,33.5,1.5,2.8,1,25.8,163.9,0.1,0,0.5
201206,673.3,76.8,19.1,3.6,17.1,8.5,0.2,40.2,0.1,0.7,597.6,153.7,91.1,47.1,58.5,5.2,4,0.9,578.2,103.1,23.7,21.3,45.3,4.4,9.8,523.3,174,20.5,57.4,12.7,0.1,28.8,10.5,44.3,39.8,1.8,1.8,3.9,11.1,2,0.8,1.3,1.4,3.8,0.5,3.3,0.9,25.2,18.4,13.1,3.1,58.4,2,17.8,2.9,0.9,15.8,4.7,3.5,1.1,5.6,15.7,12.8,9.7,4,25.2,0.2,1.6,0.9,2.1,0,115,9.3,14.1,33,1.5,2.8,1,25.9,156.2,0,0,0.2
201207,833.7,45.9,10.5,3.9,5.4,7.3,0.2,40.8,0.9,0.5,350.1,145.7,53.8,77.4,81,2.1,3,0.7,240,93.1,30,5.5,15.8,8.6,1.2,461.3,171.6,15,69.7,9.8,0.1,26.4,10.7,38.9,30.5,2.7,0.4,3.8,24.8,1.4,0.6,0.4,1.2,3.4,1.1,2.8,0.4,22.3,16.1,12.3,3,83.5,1.8,15.5,2,0,15.9,3.1,6.5,1,4.8,15.7,9.4,9.4,2.6,16.4,0.2,0.9,1.8,1.2,0,123.2,9.1,14.6,32.9,1.5,2.9,1,26,151.7,0,0,0.2
201208,1026.4,22.3,1.2,3.9,3.8,5.2,0.1,42.4,1.6,0.3,93.8,109,17.8,48.3,27.8,0.3,0.2,0.9,155.2,88.8,22.2,1.1,3,5.2,0.1,479.2,168.9,11.6,40.6,9.5,0.1,26,10.1,31.2,18.7,4,0.3,4.4,9.9,0.5,0.2,0.3,1.5,4.1,1.3,2.2,0.3,24.6,18,12.2,3.8,110.2,2.2,36.1,1.1,0,18.7,2.7,16.9,1,2.7,15.8,9.6,8.7,2.1,3.1,2.5,1.7,0.9,1.2,0,123.1,8.2,13.9,30.8,1.4,2.5,0.9,26.2,145,0,0,0.1
201209,1042.7,8.1,2.8,3.6,0,4.2,0.1,47,1.8,0.3,100.6,96.6,3.9,19.7,7,0.1,0,1.2,181.3,88.5,23.2,0.4,1.4,0.5,0,481.9,170.1,9.9,29.3,10.1,2,31.5,9.8,28.6,9.5,5.9,0.2,5.9,2.5,0.2,0.1,1,2.1,3.7,2.7,2.4,0,34.2,25.8,11.6,5.8,60,2.2,15.1,2.1,7.4,16.7,0.8,29.5,1.4,2.4,8.4,8.9,7.9,1.8,0.6,4,2.8,0.1,1.8,0.3,120.6,7.7,13.7,30,1.3,2.2,0.8,26.3,138.4,0,0,0.1
201210,1018.7,3.6,1.6,32.3,0,4.3,0.1,54.3,0.5,0.8,138.8,101.3,0.7,7.2,0.7,0.1,0,1.3,189,92.2,23.4,0.1,0.6,0,0,499,174.3,12.2,29.2,10.3,6.6,44.1,10.7,18.3,12.5,4.6,0.4,9.7,1.2,0.3,0.1,1.2,1.8,2.6,4.4,2.4,0,47.5,21.5,13.2,11.2,82.3,2.1,11.6,10.2,3.4,15.3,2.5,36.1,1.3,2.1,5.2,4.3,4.8,1.3,0.1,1.5,3.7,0,2.1,0.8,122.9,6.9,13.8,28.5,1.1,2,0.7,26.5,138.5,0.1,0,0.1
201211,1069.3,0.8,0.1,48.5,0,4.2,0.2,54.9,0.1,2.3,133.1,146.7,0.9,11.4,0.5,0.1,0,1.3,259.9,101.2,54.3,0,0.8,0,0,525,175.8,13.1,30.6,9.8,13.8,50.4,11.5,14.1,13,2.7,1.9,9.1,1.2,0.2,0.1,1.4,1.7,2.9,5.5,2.9,0,49,17.2,21.3,24.1,54.3,2.3,10.8,5.8,3.8,13.3,1.2,22,1.2,2.5,3.1,4.1,3.2,1.7,0.1,4.3,3.4,0,0.5,1.2,115.2,6.8,13.9,28.8,1.2,1.8,0.6,26.8,136.5,1.9,0.3,1
201212,963.3,0.6,0.6,70.6,0,4.9,0.4,52.3,0.1,1.6,263.9,129.4,0.6,3.7,0.3,0.2,0,1.7,264.3,103.6,31.1,0,2.9,0,0,571.6,179.9,15.7,26.3,7.5,32.6,47.4,11.2,9.9,15.7,2,6.2,13.6,1.4,0.2,0.2,1.5,3.2,4.4,7.5,2,0,39.1,19.7,40.4,15.1,62.1,1.9,15.8,9.4,1,15.9,2.1,11.9,1.2,3.3,2.4,5.5,0.6,3.2,0.1,1.4,2.9,0,0.1,0.3,127,6.7,16.7,30.2,1.3,1.6,0.7,27.6,141.4,0.6,0.1,0.6
201301,887.6,0.8,5.3,49.4,0,3.9,1,51,0,0.3,200.4,93.5,0.1,0.1,0,0.2,0,2.1,216.7,84.6,20.7,0,4,0,0,603.4,178.7,16.8,24.5,11.7,198.3,45.1,11.4,6.4,13,2.7,11,15,2.2,0.1,1.1,7.2,2.3,3.6,3.6,2.4,0,25.6,39.4,42.7,5.8,50.4,1.8,17.4,1.6,7.3,14.9,3,4.2,1.1,7,2.8,8.9,0.1,4.2,0,0.2,1.1,0.1,0,0.1,127.4,6,13.6,28,1.2,1.8,0.6,28.2,148,0.3,0.1,0.8
201302,856.3,4.8,10.3,46.6,0,4.6,0.9,43.4,0,0.3,137.1,113.3,0.9,0.1,0,0,0,2.5,254.1,90.1,20.1,0.1,5.9,0,0,630.5,173.9,20.8,23.2,16.8,119.9,40.7,13,7.9,14,6.1,20.1,11.7,4.1,1.6,3.1,11.3,2.5,5,3,3.3,0,27.3,44.7,37.7,1.5,41.1,2.2,17.4,1.7,2.1,11.8,2.8,3.8,1.2,4.7,2.4,13.9,0.1,9,0.1,0.1,0.9,0,0,0,126.9,6.6,13.3,28.8,1.3,2.1,0.7,28.5,147.4,0.7,0.1,3.1
201303,781.6,18,4,54.7,3.2,4.6,0.7,41.1,0,0.6,285.1,102.1,2.2,0.3,0.2,0.1,0,2.9,411.7,85,20.5,1.8,10.7,0,0.2,763.6,176.2,29.5,24.4,17.1,57.2,37.3,12.6,17.2,22.3,10.4,22.7,10,6.4,3.3,4.1,6.5,1.4,5.2,0.8,3.2,0,31.3,65.7,24.7,1.4,44.7,1.6,20.7,1.7,0.8,16,3.1,3.5,1.2,5.8,2.2,16.4,0.2,13,0.3,0.1,0.7,0,0,0,126.1,7,13.6,30.6,1.4,2.1,0.7,28.9,162.5,0.6,0.1,3
201304,908.7,44.4,22.8,40.8,23.9,6.3,0.3,43.6,0,2.6,240.9,90.3,24.4,1.7,13,20.9,2.4,2.7,843,92.3,19.9,26.4,32.4,0,7.2,755.1,173.8,28.3,33,19.7,8.9,35.1,13.6,31,36.8,2.8,12.8,8.2,8.5,5,3.4,4.1,1.3,5.2,0.4,4.6,0,24.7,72.6,15,2.1,53.7,2.1,21.8,2,0,15.2,4.5,3.5,1.3,3.7,5,16.5,1.2,14.3,7,0.1,0.7,0,0,0,112.8,8.2,13.7,33.4,1.4,2.7,0.9,29.3,166.2,0,0,0.6
201305,924.5,63.5,17,12.8,20.3,9.3,0.3,44.9,0,2,496.5,89.8,102.4,7.7,33.6,15.4,4.4,1.6,1058.7,100.8,18,39.4,68,0.2,15.3,644.8,176.5,23.9,45,13.8,1.7,33,13.1,42.9,50.5,2,5.2,5.3,8.1,4.5,1.1,3,2,2.9,0.3,4,0.6,25,41.4,15.9,2.9,47.9,2.1,19.5,3.5,0,13.6,8,3.1,1.3,2.4,16.7,12.2,8.9,9.3,23,0.1,2.3,0.2,1.6,0,125,8.4,14.5,34.2,1.5,2.8,1,29.4,163.5,0,0,0.6
201306,810.9,65.1,9.7,3.5,6.1,9.5,0.2,29.5,0.1,0.8,733.3,136.1,95.9,52.6,67.4,6.5,3.6,0.8,487.6,107.9,22.6,20,45.6,6.5,7.1,539.5,177.1,20.4,62,14,0.2,31.5,13.2,48.9,43.1,2.3,1.6,2.5,11.9,3.2,0.7,2,1.2,2.6,0.4,3.7,1,25.6,17.1,21.3,3.3,44.9,1.7,15.8,1.5,0,13.2,3.8,3.8,1.3,5,15.8,10.2,10.4,4.9,25.5,0,1.4,0.9,2.6,0,124.8,8.4,14.2,33.7,1.5,2.8,1,29.6,156.7,0,0,0.2
201307,713.9,36.5,7.4,3.4,2,7.7,0.1,35.2,1.1,0.5,296,156.7,56.3,72.3,68.1,3.3,2.7,0.7,196,102.6,23.2,5.3,13.9,9.9,1.1,475.7,175.3,17,74.9,11.1,0.1,28.3,12.4,47.6,35.4,2.8,1.1,3.4,19,2.2,0.3,0.8,0.8,2.7,0.9,4.2,0.6,20.9,13.3,13.9,3.2,87,2,18.5,1,0,14.7,2.4,4.2,1.2,3.6,14.3,10.5,9.1,4.1,17.3,0.1,0.8,2.1,1.7,0,136,8.5,14.8,34,1.5,2.8,0.9,29.3,153.1,0,0,0.2
201308,955.9,16.2,3.8,3.6,1.6,5.5,0.1,43.4,2.4,0.4,83,130.3,17.5,56,32.7,0.7,0.2,1.3,142.4,100.8,31.4,0.9,1.7,5.5,0.1,480.8,175,11.8,40.3,11.5,0.4,26.6,12,34.8,22,5.2,0.9,7.7,15,1.7,0.2,0.2,1.7,2.5,2.9,4.1,0.1,25,20.8,15,5.6,94,2,29.1,3.1,9.1,18.1,1.2,11.4,1.1,2.5,14.6,11.2,9.4,2,4.3,2.9,1.2,0.6,1.7,0.1,122.4,7.8,14.1,32,1.4,2.4,0.8,29.4,147,0,0,0.2
201309,1059.3,4.5,1,4.4,0.6,4.9,0.1,52.8,2.5,0.6,117.6,84.6,4.9,17.2,7.7,0.8,0.1,1.6,173.6,103.5,26,0.7,1.4,0.4,0.1,484.3,170,10.5,28.3,10.1,5,31.2,12.4,26.7,12.8,6,0.8,5.8,9.4,0.3,0.1,0.6,1.8,1.4,3.1,3.8,0,40.2,24.6,13.5,10.2,82.4,1.6,12.3,0.7,3.8,18.1,2.6,21.7,1.2,2.5,9.1,11.4,6.9,1.8,0.9,2.1,2.7,0.1,2.1,0.8,126.3,7.1,13.9,31.5,1.3,2.1,0.7,29.4,140.4,0,0,0
201310,1034.9,2.2,0.3,52.5,0.1,4.7,0.1,62,1.1,1,137.8,105.9,1.1,9.3,1,0.9,0,1.4,216.9,105.8,19.3,0,0.6,0,0,516.6,176.4,14.1,30.4,10.2,8.7,41.9,12.3,18.7,12.9,4.3,1.5,5.8,1.3,0.1,0,1,2.3,1.3,4.2,3.9,0,47.8,22.5,11.6,11.1,60.3,2,21.1,4,4.8,19.1,2.3,23,1.1,2,4.8,6.4,4.8,1.5,0.2,1.1,2.9,0,1.7,1.1,135.7,6.5,14,30.6,1.2,2,0.7,29.5,140,0.1,0,0.1
201311,1022.4,0.4,0.5,81.8,0,5,0.2,60.7,0.1,2.5,106,145.6,1.1,9.2,0.3,1.6,0,1.1,266.6,104.7,46.6,0,0.4,0.1,0,530,178.7,15.6,30.5,10.3,22.6,50.2,12.7,23.2,12.8,3.3,1.8,6,1.1,0.1,0.1,1.3,1.7,2.4,4.9,4.1,0,50.2,15.9,10.7,23.5,83.3,2,9.1,6,2.4,11.2,1.2,20.4,1.1,2,3.3,6.6,2.9,1.7,0.1,1.5,2.8,0,0.7,0.2,129.8,6.4,13.9,30.2,1.2,1.8,0.6,29.3,138.9,1.9,0.3,0.9
201312,1036.3,0.5,0.6,85.8,0,5.8,0.3,59,0.1,2.5,213.1,116.4,0.6,3.8,0.3,1.8,0,1.4,302.4,113.4,23.7,0,1.7,0,0,562.4,182.1,19.5,24.6,10.1,35.9,48,13.3,8.6,13.4,2.3,6.4,9.7,1.6,0.1,0.2,1.6,1.6,4.2,6.4,3.9,0,39.4,21.5,31.6,10.8,58.3,1.8,16.8,6,5.7,12.2,0.9,10.3,1.2,1.9,2,5.9,0.5,2.9,0,1,1.4,0,0,1.1,136.6,6.4,16.6,31.6,1.3,1.6,0.7,29.1,144.1,0.7,0.1,0.8
201401,937.7,0.3,4.8,50.5,0,4.7,0.9,55,0,0.7,207.6,97.3,0.2,0.1,0,1.5,0,1.8,234.4,88,21.5,0,2.9,0,0,586.3,180.6,22.9,24.9,13.8,219.4,44.9,11.9,7.6,13.8,3.1,10.4,12.5,2.2,0.4,1.5,8.3,2.4,3.7,3.1,3.3,0,28.8,34.7,48.3,2.8,50.9,1.9,17.7,4,2.2,13.2,2.3,3.5,1.2,3.9,3.3,9.5,0,4.5,0.1,0.1,0.3,0,0.1,0,130.6,6,14.4,28.8,1.2,1.8,0.6,28.8,152.4,0.2,0,0.7
201402,927.5,2.7,6.9,53.7,0,5.3,0.8,53,0,0.7,152.9,107.6,1.3,0.1,0,1.6,0,2,264.3,85.6,18.7,0,5.7,0,0,608.4,178.8,23.5,22.5,18.4,71.6,42.6,12.8,10.6,14.3,8,20.5,11.8,3.6,0.9,3.2,11.9,3.2,5,1.7,4,0,29,44.3,44,1.1,36.1,1.7,19.7,0.9,0,13.3,1.7,3.5,1.3,4.8,2.4,13.4,0,8.7,0.1,0.1,0.5,0,0,0,121.2,6.4,14.1,29.5,1.2,2.1,0.7,29,152.2,0.7,0.1,3
201403,927.4,16,5.5,60.8,8.9,5.7,0.6,52,0,0.9,250.6,101.3,2,0.4,0.2,2.3,0,2.7,403.1,82.4,17.2,0.9,9.7,0,0.1,755,178.3,28.8,25.1,18.3,40.2,39.3,12.7,19.9,27,10.2,22.6,10.8,6,2.3,4.1,7.6,1.8,5.4,0.6,4.6,0,32.4,60,15.7,3.2,40.2,1.9,18.1,3.8,0.4,15.7,2.1,5.6,1.3,5.8,2,17.8,0.2,12.8,0.2,0.1,0.5,0,0,0,137.4,6.8,14.2,30.6,1.3,2.2,0.7,29.5,166.7,0.6,0.1,2.8
201404,945.4,38.3,19.1,49.5,42.1,7.5,0.2,49.3,0,3.1,321.2,91.8,24,0.9,10.7,27.2,2.5,2,869.3,94.1,18,25.2,37.2,0.1,6,756.3,175.7,30.2,34.1,19.8,5,36.6,13,38.4,52.9,3.4,12.5,7.1,8.2,4.3,2.8,4.8,1.5,5.3,0.7,6.4,0,27.7,77,13.6,3.8,33.1,2,21.9,1.1,0.7,14.9,2.1,3.6,1.5,4,4.8,14.5,1.1,13.8,8,0,0.5,0,0,0,129,7.8,14.5,32.7,1.3,2.7,0.9,29.6,170.5,0,0,0.4
201405,945.5,52.7,23.5,13.3,32,10,0.1,53.2,0,2.8,426.9,85.8,93.9,9.7,36.4,24.5,5.2,1.9,1083.6,103.7,18.3,39.9,66.4,0.3,14.7,610.9,177.7,25.2,45.2,14.6,2.3,34.3,12.9,58.8,65.5,1.7,5,4.7,8.5,3.9,1.9,2.8,1.4,3.4,0.1,5.4,0.4,26.6,38.7,12.4,3.4,45.9,2,18.7,2.1,0,15.4,5.2,3.7,1.5,2.5,13.5,10,9.4,8.9,24.8,0,1.3,0.1,1.9,0,131.7,8.2,15.1,34.2,1.4,2.8,0.9,29.7,167.1,0,0,0.5
201406,763.5,59.6,14.9,4.1,27,10.9,0.2,46,0.1,0.7,453.9,132.9,100.8,48.2,70.2,15.3,4.6,1.1,492.2,100.6,23.6,17.3,45.6,4.2,6.7,500.3,177.5,22.2,57.9,11.9,0.1,31.5,12.7,53.6,65.1,2.5,1.6,3.6,13.9,2.2,1,1.7,1.3,2.8,0.3,4.7,1.3,25.4,21.3,14.5,3.1,46.5,1.8,16.9,0.9,0.1,13.3,5.3,3.4,1.6,5.9,16.3,11.1,8.6,4.5,25.6,0.1,3.3,0.7,2.4,0,133.3,8.3,15.1,34,1.4,2.9,1,30,159.3,0,0,0.2
201407,722.5,31.7,8.2,4.6,22.5,9.2,0.2,42.7,1.2,0.4,335.6,137.6,49.9,67,60.4,9,2.1,1,218.1,98,24.4,4.9,14,10.2,1.1,427.9,173.1,19.7,73.2,11.3,0.1,29.2,12.1,40,35.7,3,1.5,4.8,24.5,1.2,0.5,0.8,1,2.7,1.4,4.1,0.5,20.7,15.4,15.3,3.7,90.5,2,23.4,0.4,0.7,12.7,1.5,3.7,1.4,3.5,12.5,14,10,3.3,16.2,0.5,1.3,1.9,1.3,0,136.3,8.3,15.8,35.1,1.4,2.9,0.9,30,155.4,0,0,0.2
201408,1033.1,13.4,7.5,5.6,12,6.7,0.1,46.9,2.2,0.5,133.2,97.5,20.3,56.8,39,6.1,0.3,1,151.4,102.9,26.3,1.9,3.7,6.5,0.5,436.5,170.9,17.1,44.6,10.8,0.3,27,11.8,32.5,23.6,4.7,1.3,6.6,13.5,1.2,0.2,0.2,1.6,2.7,2.5,3.4,0.1,25.8,21.7,14.1,5.8,71.8,1.9,25.7,0.7,1.4,17.8,1.6,8.1,1.3,2.3,15.6,10.6,9.7,3.6,4.9,3.5,1.8,0.5,2.1,0.1,134.6,7.8,15.2,32.9,1.4,2.5,0.8,30.1,148.4,0,0,0.1
201409,1057.7,5.5,1.1,9.2,5.3,5.4,0.1,52,2.1,0.6,111.3,90.8,5.2,19.8,8.2,5.1,0,1.6,196.3,104,21.4,0.7,0.9,0,0,446.6,172.8,17,37.5,10.3,1.8,32.8,11.7,22,12.1,5.7,1,5.6,3.4,0.6,0.1,0.7,1.5,1.8,4.1,2.5,0,34.3,20.9,16.3,8.9,78.7,1.7,21.9,7.8,6.5,12,3.7,12.5,1.4,2.4,8.5,11,5.9,2.3,1,1,2.2,0,2.5,0.1,130.4,7.1,14.9,32.2,1.2,2.2,0.8,30.3,141.9,0,0,0.1
201410,1067.2,1.8,0.4,55.1,2,5.2,0.1,55.1,0.8,1.7,135,88,2.1,4.3,0.8,7,0,1,245.5,110.1,29.3,0,0.9,0,0,467.6,175.9,18.1,32.1,10.7,2.9,39.7,11.7,20.3,11.8,5.1,0.9,4.7,2,0.5,0.1,0.9,1.2,1.7,5.4,2.8,0,42.3,25.4,16.6,11.1,78.2,1.8,19,6.1,1.9,14.1,2.5,21.6,1.4,4,4.7,6.5,5.1,1.6,0.1,2.4,1.8,0,1.5,0.9,137.5,6.5,14.9,31.5,1.1,2.1,0.7,30.4,140,0.1,0,0.1
201411,1033.5,0,0.3,133.8,0,5.2,0.2,56.6,0.1,1.6,127.5,105,1.4,8,0.2,7.9,0,1,272.9,113.4,32.8,0,0.7,0,0,484.4,182.5,18.2,29.4,10.5,8.1,48.4,12.5,23.3,13.1,3.2,2.4,7.2,1,0.2,0.1,1.1,2.8,2.3,8.9,3.1,0,45.6,25.4,16.9,25,107.1,1.7,15.5,7,6.8,14.1,1.7,21.4,1.3,2.2,3.7,8.7,2.1,1.6,0.1,2.8,2.4,0,0.4,0.4,138.8,6.4,14.9,31.1,1.1,1.9,0.7,30.5,140.6,1.9,0.3,0.8
201412,1028.8,0.1,0.4,66.9,0,6.1,0.3,55.9,0,1.9,240.9,91.9,1,3.8,0.2,7.1,0,1,273.7,113.1,26.7,0,2.1,0,0,524.8,182,21.1,24,9.6,24.1,49.2,12.8,12.6,14.4,1.9,5.2,11.9,1.5,0.1,0.3,1.7,1.6,2.3,6.1,3.2,0,39.3,18.6,38.1,9.6,79.1,1.4,18.7,8.7,3.9,16.8,4.7,12.8,1.7,1.8,2.2,6.8,0.4,2.7,0,1.3,1.7,0,0,0,145.8,6.6,17.3,32.1,1.2,1.7,0.7,30.8,145.9,0.8,0.1,1
201501,848.1,0.4,3.1,53.4,0,5,0.9,56.6,0,0.6,212,105.6,0.2,0,0.1,6.8,0,1.8,215.2,108,19.6,0,4.6,0,0,560.1,176.1,23.8,25.4,13.9,54.6,44.8,11.8,7.4,15.5,3.2,11.8,11.8,2.3,0.7,1.6,6.6,2.5,4.7,1.7,3.1,0,27.2,27.7,24.6,1.8,58.3,1.7,19.9,1.2,8.4,16.8,2.1,4.2,1.6,3.6,2.3,9.7,0,5.4,0,0,0.8,0,0,0,139.3,5.8,15.4,29.6,1.1,1.9,0.6,31.6,155.4,0.3,0,0.8
201502,836.4,4.1,2.3,62.4,0,6.1,0.8,47,0,0.6,134.8,110.1,1,0,0,3.3,0,2.7,259.2,95.9,18.7,0.1,5.2,0,0,634.2,176.1,27,24.5,18.9,122.4,45,12.3,12.4,16,6.8,20.8,13,4.1,1,3.1,11.4,1.5,6.9,1.8,2.3,0,29.7,42.2,28.5,1.9,41.3,1.9,21.4,0.9,0,13.8,1.5,3.9,1.9,4.1,2.4,14.8,0.1,9.2,0.1,0,0.5,0,0,0,130,6.1,15.1,29.6,1.2,2.1,0.6,31.7,155.6,0.7,0.1,2.4
201503,807.5,17.4,4.1,84.3,1.3,6.5,0.6,51.4,0,0.5,226.5,93.3,1.7,0.3,0.2,2.9,0,2.4,419.3,87.4,22.1,0.7,10.5,0,0.2,817.2,178.6,28.6,27.7,18.3,15.7,42.6,12.1,21.2,29,10.3,23.9,7.7,6.1,3.5,4.3,8.7,1.9,7.9,1,3.8,0,32.1,58.6,25.8,3.4,42.4,1.5,27.8,2.3,0,13.6,2.6,2.5,1.6,3,2.1,16.8,0.2,12.6,0.3,0.1,0.5,0,0,0,142.9,6.6,15.4,31.2,1.3,2.2,0.7,32.2,169.6,0.6,0.1,2.5
201504,690.2,44.4,20.5,32.1,6.5,8.2,0.2,55,0,2.7,273.3,96.8,21.8,1.2,12.9,33.7,2.3,2.9,917.7,94.6,22.1,24.1,36.6,0.1,5.5,792.4,169.4,27.3,33.5,20.1,6,38.4,12.1,40.1,46.5,3.3,15.5,5.3,7.9,4.9,2.7,6.5,1.4,7,0.2,5.1,0,28.4,74.6,14.5,3.6,41.9,2,23.6,1.3,0,14.1,2,2.2,1.7,2.9,4.5,15.1,1.3,13.9,7.4,0,0.8,0,0,0,140.9,7.3,15.5,32.6,1.3,2.5,0.8,32.4,170.2,0,0,0.5
201505,599.3,62.2,23.5,11.4,10.4,11.4,0.1,55,0,2.7,465.1,117.6,96.3,10.3,36.4,24.8,5.3,2.1,1113.7,102.9,20.3,41.7,69,0.6,15.5,642.5,170.6,26.6,46.2,16.2,1.2,35.6,11.4,57.3,69.1,1.9,5,4.6,7.9,4,1,2.8,2.8,5.4,0,5.2,0.4,28.9,43.3,12.3,3.1,35.3,2.1,23.4,1.9,0.1,13.3,1.9,2.1,1.8,3.3,14.9,10.6,8.2,10.1,26.5,0.1,1.2,0.1,1.6,0,145.8,7.8,15.9,33.9,1.3,2.6,0.9,32.4,169.9,0,0,0.5
201506,778.2,64.7,8.4,6.9,13.3,12.6,0.2,52.4,0.1,1.2,677.3,148.3,95.9,42.7,63.6,15.1,5.1,1.2,517.5,113.5,23.2,20.2,46.2,13.8,8.1,516.2,166.9,24.2,60.7,14.1,0.1,32.2,11.6,66.1,81.8,2.1,1.8,3.1,16.2,2.1,0.9,1.4,0.8,4.3,0.2,4.9,1.4,27.3,28.7,13.6,4,39.7,1.5,15.4,2.1,0,11.1,2.1,2.1,2.2,5.6,17,11.9,9.5,4.9,23.9,0.2,2,0.4,2.5,0,147,7.8,16,33.3,1.3,2.6,0.9,32.3,163.3,0,0,0.2
201507,738.6,34.4,5.9,8.2,3.4,9.6,0.2,53,0.7,0.7,415.1,131.3,58.8,73.9,70,5.8,3.1,0.6,244.4,98.5,20.2,5.9,12.9,20.8,0.7,460.9,166.2,19.2,75.8,10.7,0.4,29.3,11.4,42.3,42.3,3.1,1.5,3.8,34.7,1.3,0.6,0.9,0.4,4.7,0.6,4.7,0.6,23.7,15.6,13.9,4.5,60.9,1.8,22.6,1,0.9,16.4,2.4,2.7,1.9,4.2,14.7,12.3,10.3,3.5,15.9,1.8,0.9,1.6,2,0,150.3,8,16.8,34.8,1.4,2.6,0.8,32.1,159.6,0,0,0.2
201508,986.8,15.8,1.9,12.5,2,8,0.1,56.6,1.7,0.4,107.3,127.2,18.3,55.1,36.6,3.2,0.2,1.8,144.7,103.1,24.7,1.4,3.3,18,0.3,444.9,165.8,16.7,48.5,10,0.7,25.7,11.9,30.7,26.7,4.8,1.3,4,6.8,0.6,0.1,0.2,1.5,3.9,2.3,4.3,0,26.9,26.6,17.2,7.1,89.9,1.8,30.3,0.6,0.8,17,0.9,7.6,1.6,2.5,11.4,11.5,10.1,2.9,4.9,1.2,0.7,0.8,1.9,0,145.4,7.5,15.9,33.1,1.3,2.4,0.8,32.3,156.2,0,0,0.1
201509,951.4,6.4,0.2,18.9,1.5,7.6,0.1,63.1,1.8,0.6,131,128.7,9.1,14.8,6.6,2.8,0,1.9,185.6,99.7,29.6,0.6,1.1,4.9,0.1,458,174.2,15.8,31.5,9.7,1.8,30.6,12.1,24.3,13.2,5.6,1.2,7.2,3.9,0.4,0.1,0.8,1.7,3.6,4.2,4,0,32.5,27.2,15.1,9.7,87.6,1.7,16.8,5.7,2.3,13.8,1.3,14.4,1.4,2.3,8.6,10,5.5,1.7,1.2,0.7,3,0,3.1,1.2,143.1,6.7,15.4,32,1.2,2.1,0.7,32.4,148,0,0,0.1
201510,997.3,1.6,0.1,88,0,5.5,0.1,62.4,1.3,1.6,138.4,134,1.5,4.5,0.4,2.5,0,1.4,240.2,103,26.7,0,1,0,0,466,169.8,15.8,27.2,10.1,12.7,34.8,12,23.1,10.9,5,1.1,12.6,3,0.1,0.1,1,2.6,3.6,3.9,3.9,0,37.1,18.7,12,9.6,78.5,1.7,17.1,16.2,0,14.9,2.5,20.3,1.4,2.4,5.4,8.2,5.3,1.5,0.2,1.6,3.7,0,1.6,0.2,149.4,6.3,15.7,31.1,1.1,1.9,0.7,32.3,152.2,0.1,0,0.1
201511,1003.3,0.2,0.1,129.1,0,5.5,0.2,68.3,0.1,2.3,113.3,134.2,1.9,6.3,0.2,2.9,0,1,235.8,112.4,36.7,0,0.3,0,0,483.5,165.7,18.3,29,9.3,24,44.8,12.8,23,11.5,3.1,2.8,12.1,1.3,0.1,0.1,1.1,2.7,3.9,4.4,3.8,0,42.4,11.1,36.2,28.1,110,1.6,11.3,8.5,0,15.7,0.7,19,1.6,2,3.6,7.9,2.5,2.4,0,3.7,3.4,0,0.4,0.4,147.6,6.4,15.4,31.1,1.1,1.9,0.6,32.3,150.6,1.8,0.3,0.9
201512,975,0.2,0.2,90.7,0,6.5,0.3,63.4,0,1.4,257.3,111.6,1.2,5.7,0.2,1.9,0,1.4,222.7,111.1,24.2,0,2.6,0,0,545.8,177,24.5,26,8.4,106.5,46.7,13.1,10.1,14.1,2.1,7.3,10.7,1.5,0.1,0.2,1.2,2.5,3.5,4.8,4.2,0,34.7,22,22.6,12.9,74.4,1.4,10.1,6.2,0,15.5,1.5,8.8,1.8,2.5,2.6,6.6,0.2,3.2,0,1.7,2,0,0.1,0.5,154.5,6.5,18.1,32.3,1.2,1.7,0.7,32.3,152.5,0.8,0.1,0.8
201601,923.5,0.4,1.5,74.6,0,5.4,0.9,59,0,0.7,222.3,97.4,0.2,0,0,2,0,1.7,193.4,91.3,21.3,0,2.9,0,0,519.9,178.1,21.1,27.8,13.6,163.2,41,12.9,5.8,16.1,4.1,12.1,10.7,2.5,0.8,1.9,6,2.2,5.7,2.2,2.6,0,28.9,32.6,25.2,2.1,63.8,1.4,18.7,3.1,6.6,17.6,7,6.4,3.7,4,2.3,7.7,0,4.2,0,0.2,0.7,0,0,0,146.1,6.1,15.5,27.9,1.1,1.9,0.7,32.5,155.8,0.2,0,0.6
201602,725.6,4.8,2.5,63.2,0,5.8,0.4,55.6,0,0.6,176.2,119.3,1.1,0,0,1.5,0,2.7,262.8,92.8,18.4,0.1,7.7,0,0,600.8,176.5,26.7,26.4,19.1,40.3,43.4,14.6,11.6,15.3,8.4,20,12.1,4.1,1.4,3.6,11.2,1.5,6.2,2.4,3.7,0,29.1,41.7,25.2,1.7,49.7,1.5,19.3,1.6,1.6,13.6,2.8,5.3,3.3,3.7,2.1,12.6,0,8.3,0,0.1,0.6,0,0,0,136,6.5,15.1,28.9,1.2,2.2,0.7,32.7,160.8,0.7,0.1,2.9
201603,541.6,14.6,6.1,79.1,4.2,8,0.4,57.3,0,0.6,251,90.7,1.5,0.2,0.1,2.5,0,3.3,403.3,90.5,21,1.1,12.1,0,0.2,739.8,172.7,29.1,31.6,17.4,10.4,41,15.1,23.6,35.4,7.6,22.8,8.6,6.2,3.9,4.1,7.3,1.8,5.9,1.7,4.3,0,32.5,54.6,16.2,3.1,39.6,1.5,20,1,0.9,16.1,3.4,3.9,3.4,5.3,1.7,16.1,0.2,11.1,0.4,0.2,0.6,0,0,0,140.7,6.8,15.8,30.4,1.2,2.3,0.7,33,173.4,0.6,0.1,2.8
201604,540.7,50.9,11,32.5,19.6,10,0.4,56.3,0,2.9,369.6,80.8,23.7,0.7,12.5,28,3.7,2.5,885.9,100.6,19.8,22.5,30.1,0.1,5,831.2,170.7,29.5,41.3,18.7,4.5,44.9,16.1,42.7,54.8,3.4,14.5,3.8,8.2,6.1,2.4,5.4,1.4,6,0.9,5.5,0,29.7,65.4,13,3.9,34.7,1.4,20.2,1.3,0.1,14,1.8,2.4,3.3,3.7,4.2,13.9,1.2,13.5,9.4,0,2.5,0,0.1,0,145,7.7,16.1,32.9,1.2,2.8,0.9,33.1,174.8,0.1,0,0.4
201605,573.1,67.1,14.8,10.8,19.9,14.2,0.3,53.6,0,1.9,483.5,71.9,90.8,9.5,35.3,22.5,5.4,2.9,984.6,108.2,18.7,38.3,67.6,0.6,16,683.8,166.7,26.3,58.3,17.4,0.9,35.8,15.2,59.4,89.7,2,4.8,3.9,7.9,5.5,1,2.2,1.7,5.1,0.7,5.3,0.4,31.3,44.3,14.1,2.9,46.9,2,12.9,1.4,0.2,14.4,2.2,2.4,3.3,2.6,13.6,11,8.8,9.1,21.7,0,7.7,0.1,1.6,0,156.4,7.8,16.7,33.9,1.3,2.7,0.9,33.2,174.5,0.1,0,0.4
201606,822.4,70.4,7,5.7,5.6,15,0.1,50.9,0.1,1.1,566.3,138.2,89,41,55.7,13.5,8.1,0.7,540.7,109.3,16.7,23.9,47.9,18.6,10.6,514.6,164.8,21.3,65.5,14.2,0.2,30.7,14.5,70.1,108.6,2.1,2.1,2.7,11.2,3.3,1,1.2,1.6,4.8,0.9,4.4,1.4,28.5,25.8,14,4.2,39.6,1.7,11.6,1.1,0.8,12.5,3.7,2.5,3.3,5,16,12.6,8.2,6.1,23.4,0,1.8,0.4,3.7,0,159.5,8,16.6,33.3,1.3,2.7,0.9,33.5,167.9,0,0,0.2
201607,994.3,42.3,0.4,6.8,2.7,12.1,0.1,47.7,0.9,0.8,278.8,139.3,44.4,66.1,64.5,4.6,3.7,0.7,223.2,88.6,19.4,5.2,10.7,26.5,1.2,446.3,168.6,19,76.9,11.8,0.3,30.6,13.8,62.4,48,3.3,1,3,31,1.6,0.5,1,1.4,4.9,0.7,4.9,0.4,23.2,11.9,14,4.1,61.9,1.9,17,0.7,3.1,13.6,2.4,3.7,3.3,4.1,11.7,10.1,8,2.5,12.8,0.4,0.5,1,2.2,0,168.7,8.2,17.9,33.7,1.3,2.6,0.8,33.5,166.5,0,0,0.2
201608,957,20.5,0.8,14.1,3.2,9.3,0.1,60.9,1.8,0.8,100.4,127.6,15.4,50.4,29.4,1.9,0,1.3,154,91.7,23.6,1.2,3.2,8.4,0,458,164.9,20.7,48.9,9.4,0.4,27.7,13.9,34.7,32.3,4.4,1.4,3,21.1,0.8,0.1,0.4,1.4,4.7,1.6,4.5,0.1,30.3,26.7,18.9,5.5,114.9,2,22.2,0.7,1.1,15,1.5,8.5,3.5,2.3,12,9.7,10.5,2.2,3.4,2.1,0.6,0.6,1.9,0,166.2,7.5,16.7,31.5,1.3,2.4,0.7,33.7,164.8,0,0,0.1
201609,905.3,7.5,0.4,16.2,0.9,7.3,0.1,72.6,2.2,1,139.4,90.7,7.3,11.7,6.1,0.4,0,1.6,133.5,88.4,26.9,0.4,0.7,1.2,0,450.6,171.6,17.9,32,8.9,5.3,31.4,12.7,32.3,17.1,5.3,1.4,8.4,15.2,0.7,0.1,0.8,1.6,2.3,4,3.7,0,36.4,25.6,17,6.4,92.4,1.8,23.1,6.2,2.2,14.1,2,21.1,2.7,2,7.6,9.9,5.3,1.8,0.5,1.5,2.3,0,2.4,0.1,154.9,6.8,16.4,30.7,1.2,2.1,0.7,33.8,155,0,0,0.1
201610,963.8,2,0.4,105.7,0,6.8,0.1,79.5,1.1,1.1,149.4,104.3,0.7,4.9,0.8,0.5,0,1.4,264.2,102.3,22.8,0,0.2,0,0,456.5,175.8,20.5,27.9,9.7,13,36.7,13.3,27,11.8,4.9,1.1,11.7,2.1,0.4,0.1,0.9,2.8,3.2,3,3.6,0,38.4,27.9,13.1,9.6,51.8,2.1,19.8,7.3,4.1,15,1.4,25.1,2.8,1.9,4.2,6.2,5.3,1.6,0.1,2.2,3.4,0,1.8,0,156.3,6.5,16.5,29.5,1.1,2,0.6,33.9,154.5,0.1,0,0
201611,948.8,0.2,0.2,189.4,0,7.1,0.3,68.9,0.1,3.2,177.4,93,1.8,4.9,0.2,0.7,0,1,236.1,106.5,29.3,0,0.2,0,0,442.3,180.4,21.6,28.2,9.5,27.1,47.1,12.9,25.1,12.9,3,2.5,10.7,1.5,0.1,0.1,1,1.8,3.3,3.6,4.2,0,37.3,22.7,26.1,21.8,55.7,1.7,12.3,8.8,1.9,14.4,2.4,16.4,3,2.2,3,4.7,2.3,1.5,0,4.1,3,0,0.2,0.2,152,6.5,16.4,29.1,1.1,1.9,0.6,33.8,151.3,1.8,0.3,0.9
201612,936.5,0.2,0.2,91.9,0,6.9,0.3,73.9,0.1,1.7,251.5,79.2,1.5,1.7,0,1.1,0,1.4,232.6,110.8,31.9,0,1.5,0,0,492.9,183.2,16.7,26.1,8.5,114,51.1,14.4,9,13.3,2.5,4.4,7.1,1.7,0.1,0.2,1.2,2.1,3.8,4,4.1,0,32.8,19.5,36.1,13,54.5,1.8,9.8,19.9,1.4,12,3.1,11.2,3.6,2,2.6,5.7,0.3,2.4,0,2.3,0.5,0,0.1,0.1,164.4,6.6,19.4,31,1.2,1.8,0.7,34.3,154.8,0.9,0.1,0.8
201701,862.8,0.4,1.4,78.7,0,5.6,1.2,70.8,0,0.7,172.5,98.3,0.1,0,0,1.6,0,1.7,223.6,94.9,18.4,0,1.7,0,0,480.3,179.6,18.3,25.7,14,174.5,41.7,14.2,5.7,15.4,3.9,12.7,9.7,2.6,0.9,0.9,5.3,1.8,4.1,3.8,3.4,0,31.6,25.9,28.2,3.9,63.8,1.7,12.1,1,6.4,15.3,5.6,9.3,2.6,3,2.1,7.8,0,5.2,0,0,0.4,0,0,0,158.9,5.9,16.9,28.3,1.1,2,0.6,34.5,163.6,0.4,0,0.6
201702,611.9,4.6,2.3,65.5,0,7.1,0.1,61.3,0,0.8,133.1,99.5,0.7,0.1,0,1.1,0,2.8,274.7,94.9,18.6,0.1,6.8,0,0,573.2,169.9,19.5,26.9,18.3,61.7,42.8,15.2,11.1,16.7,7.5,20.2,14.5,4.3,1.5,3.1,12,2.9,6,2.4,4.2,0,30.9,33.8,21.1,2.1,45.1,1.1,16.4,1.2,0.8,15.9,1.6,7.8,3,6.4,2.1,11.8,0,7.5,0,0.1,0.4,0,0,0,141.5,6.3,16.4,28.8,1.1,2.2,0.7,34.6,160.6,0.7,0.1,2.5
201703,288.1,19,2.3,81.1,7.9,8.6,0.1,71.7,0,0.6,236.3,85.7,1.5,0.1,0.2,2.3,0,3,398.1,89.8,18.9,0.7,9.2,0,0.1,750,157.4,16.6,31.3,17,11.8,42.4,15.9,22.2,30.3,7.1,22.1,7.3,5.9,3.3,3.5,9.2,1.2,4.6,1,4.4,0,30.9,41.4,18.1,2.5,30,1.1,15.7,0.9,0.6,13.4,1.5,5.9,3.3,4,1.2,15.3,0.1,13.5,0.2,0.1,0.4,0,0,0,149.2,6.6,16.9,30.1,1,2.4,0.7,34.8,176.1,0.6,0.1,2
201704,454.3,58.3,4.5,38.6,44.1,11.4,0.1,62.8,0,3.2,247.3,48.7,19.7,0.7,11.3,25.8,2.9,3.3,865.8,89.6,23.1,19,30.4,0,4.5,865.8,158,19,43.5,18.5,2.9,40.2,16.2,44.9,54.2,4.5,16.8,5.7,8.2,5,2.9,6.9,0.9,5.2,0.5,5.7,0,30.4,61.4,13.2,3.2,41.3,1.4,19.2,1,0.8,13.7,2.1,4.8,3,5.4,3.6,16,0.8,16.1,8.5,0.1,2.1,0,0,0,152.7,7.6,17.2,32.5,1.1,2.9,0.9,34.6,178.1,0.1,0,0.5
201705,684.2,76.9,5,20.1,15.5,14.6,0.1,65.5,0,2.4,271.4,59.5,72.1,7.3,28.9,25.7,5.1,4.1,1003.6,98.9,17.9,39.5,62.2,0.5,14.5,740.2,158.5,18,60.6,15.8,1.3,39.7,16.2,68.6,96,2,5,2.6,7.3,5.4,1.2,2.4,1,5.2,0.1,5.6,0.6,30.9,57.7,14.4,3.7,44.7,1.6,12.8,1.3,0.8,13.9,3.1,5.3,3.1,2.7,11.3,12.5,6.1,11.3,16.1,0.1,6.7,0.1,1.2,0,149.8,7.9,17.8,33.4,1.2,2.8,0.9,34.5,183.3,0.1,0,0.5
201706,732.3,86.7,4.8,13.8,4.2,14.9,0.1,58.7,0.1,1,640.4,182.6,93.2,41.1,54.2,14.2,7.3,1.2,629.1,99,20,28.5,54.8,2.8,11.9,537.8,157.8,15.1,65.8,14,0.2,34.8,15.3,82.6,107.6,2.1,2,2.8,14.9,4.2,1.5,1.4,1.2,6.1,0.1,5.7,2,28.1,26.3,13.6,5,37.1,1.3,12.7,1,2.4,13.7,1.8,5.3,3.3,5.1,15.4,10.1,10.5,5.2,26.4,0.7,0.5,0.4,3.2,0,155.5,7.9,17.7,32.6,1.2,2.8,0.9,34.5,175.5,0,0,0.3
201707,908.9,54.8,0.6,15.9,4.4,13.2,0.1,61.6,0.6,0.7,492,157.1,62.2,64.3,62.4,5.2,4.8,0.8,256.6,91.2,24.4,8.6,17,6.5,3.7,419.3,154.9,8.5,71.6,10.6,0.3,33.2,14.6,60.6,52.1,2.6,1.6,3,33.8,2.5,0.4,0.6,1.1,5.2,0.7,5.2,0.3,24.1,14.3,13.7,6.4,74.06,1.4,24.5,0.4,0,15.7,3,5,3.2,4.2,13.7,11.6,11.1,3,17.3,0.9,0.2,1.2,2.7,0.1,173.1,8,18.8,32.9,1.2,2.8,0.8,34.5,170,0,0,0.3
201708,976.8,23.2,0.3,18,2.5,10.5,0.1,73.2,1.3,0.7,131.9,114.6,17.5,48.9,35.8,0.9,0.1,1,150.5,96.2,23.9,0.9,1.9,6.5,0.2,416.9,157.6,6.3,51.4,7.9,1.2,31.8,14.6,34.8,36.7,3.1,1.5,6.6,20.5,1.3,0.1,0.3,1.3,6,1.6,5,0,27.8,21,13.4,7.1,83.1,1.8,22.7,0.8,0,18.2,1.7,9.8,3.4,2.2,9.2,11.1,8.6,2.1,3.6,0.8,0.6,0.8,1.6,0.1,170.5,7.4,17.7,31.5,1.2,2.5,0.8,34.4,165.3,0,0,0.2
201709,1005,9.4,0,5.7,1.8,9.3,0.1,77.7,1.4,0.8,160,93.2,3.6,18.6,10.1,0.3,0,1.4,196.7,101.9,22.8,0.3,0.6,2.8,0,423.3,168.2,5.5,31.5,7.6,4.1,34.6,13.8,24.6,16.1,3.9,1.8,6.5,9,0.6,0.1,0.9,2.1,4.5,2.4,4.7,0,36,30.3,13.5,8.3,97.12,1.8,12.3,0.7,0.6,17.5,1.4,17.7,3.9,1.6,7.6,11.2,5.5,1.9,1.5,0.6,2.4,0.1,1.7,0.2,166.8,7,17.2,30,1.2,2.2,0.7,34.4,159.7,0,0,0.2
201710,1011.6,3.3,0.2,17.1,0,8.2,0.1,87.5,1.1,2.8,182,96.8,0.6,4.1,0.5,0.3,0,1.3,221.7,111.2,23.8,0,0.3,0,0,440.1,170.8,6.7,30.4,8.1,6.4,40.4,13.7,16,13.4,4.2,1.3,10.9,2.3,0.4,0.1,1,2.5,4.3,3.6,4.5,0.1,37.2,31.9,15.9,9.8,62.5,1.9,10.8,8.8,2.7,15.9,0.5,32.4,3.4,1.9,4.6,9.3,4.9,1.2,0.1,1,3.7,0,2.4,0.3,166.3,6.4,17.1,29.4,1.1,2,0.6,34.7,160.2,0.1,0,0
201711,1003,0.5,1.4,100.4,0,9,0.1,77.5,0.3,2.7,148.1,104.8,1.1,3.9,0.2,0.5,0,1,288.8,116.4,24.2,0,0.3,0,0,436.6,171.8,12.1,31.9,9.2,18.9,52.5,13.5,21,13.1,2.4,1.5,9.3,1.8,0.2,0.1,1.3,1.8,2.3,4.1,4.1,0,38.5,22.5,34.4,26.4,65.7,2,11.4,24.8,5.5,12.1,1,25.6,3.4,2,3.1,7.5,2.2,1.6,0,2.7,2.2,0,0.9,0.3,161.4,6.2,16.9,29.2,1.1,1.9,0.6,34.9,159,1.7,0.3,0.6
201712,860.7,0.2,0.5,190.1,0,9.5,0.1,75.1,0.1,1.2,300.6,108.8,2.3,2.7,0.1,1.1,0,1.5,293.6,112.5,20.3,0,0.5,0,0,498.6,176.8,22.3,28.2,8.8,103.6,60.5,13.8,15.8,15.1,2.3,6,17.3,1.9,0.2,0.2,1.4,1.1,2.7,4.3,4.1,0,36.5,16.1,21.4,16.5,77.7,1.7,13.2,7.2,3,12.8,1.1,16.2,3.3,3.1,2.4,6.9,0.3,2.3,0,3.2,0.7,0,0.1,0.1,168,6.5,19.9,31.3,1.2,1.8,0.7,35,162.2,0.8,0.1,0.5
201801,814.9,0.4,1.4,88.9,0,7.8,0.1,73.9,0,0.7,199.6,117.4,0.1,0,0,0.8,0,1.7,242.2,96.2,20.3,0,1.3,0,0,477.7,182.2,28.8,24.5,12.7,146.2,48,13.4,3.7,15.5,2.7,11.2,13.8,3.4,0.6,1.1,6.1,1.9,4.5,4.2,3.5,0,30,32.2,28.7,6.6,50,2.4,21.6,1.3,13.8,16.7,5.5,7.6,2.3,5.8,3.4,9.1,0,5.3,0,0.1,0.3,0,0,0,161.6,6,17.6,28,0.9,1.9,0.6,34.9,171.4,0.3,0,0.6
201802,659.5,6.3,1.9,80.6,0,8.6,0.1,64.4,0,0.6,149.5,115,0.8,0.1,0,0.3,0,1.8,276.5,98,15.8,0.1,4.1,0,0,586.8,181.3,29.9,27.1,17.6,83.9,47.2,15.6,10.1,19.6,6.9,20.2,13.8,5,1.3,2,9.9,2.1,5.3,2.5,4.1,0,27.2,34.8,34.1,2.3,37.8,2.4,21.9,1.8,2.7,12.9,3,9,3.3,5.2,1.7,14.4,0.1,9.5,0,0,0.4,0,0,0,145.6,6.4,16.7,28.7,1,2.2,0.7,35.1,167.5,0.7,0.1,2.7
201803,600.3,24.2,2.8,80.7,8.3,9.5,0.1,70.9,0.1,0.6,238.5,94.8,1,0.2,0.1,3.2,0,3.1,475.8,98.4,17.7,0.9,12.2,0,0.4,761.8,182.5,28.5,32.4,18.6,19.2,45.3,15.4,27.7,38.2,9.5,20,11.3,7,3.4,4.1,8.2,2.1,8.4,1,4.7,0,30,51.6,24,1.4,36.7,2.3,18.9,1.9,2.6,14.5,1.7,9,3,4.9,1.3,16.1,0,14.9,0.1,0.1,0.4,0,0,0,164.2,6.7,17.4,29.8,1,2.4,0.7,35.8,180.6,0.6,0.1,2
201804,510.9,60.7,7.6,41.9,46.6,12.3,0.1,73.1,0,3.4,380.2,63.3,18.2,0.6,11,28.8,2.4,5.4,980.7,102,27.7,20.7,32.7,0.2,4.5,883.1,179.5,26.4,43.7,17.8,3.8,43.5,16.1,74.3,60.9,3.7,16,6,7.2,5.1,2.7,6.1,0.9,7,0.4,5,0,29.2,84.4,12.9,2.4,48.4,2.8,17.1,1.1,1,13.4,2.1,8.8,3,5.3,4.2,17.7,0.9,14.4,8.3,0.1,0.4,0,0.1,0,169.5,7.7,17.9,32.2,1,2.8,0.9,36.4,183.2,0.1,0,0.3
201805,643.6,87,14.1,12.9,63.7,16.5,0.1,66.4,0.1,2,520.3,83,86.3,6.3,32,25.5,7.8,3.1,1119.1,106.6,21,39,64.8,0.2,17.2,764.2,183.2,25.5,58.3,15,1.1,41.8,16,64.6,105.4,1.9,4.2,5,7.6,4.1,1,3.9,2,7.6,0.3,5.6,0.4,28,53.4,11.9,3.5,39.5,2.4,15.9,1,1.4,14.3,2.1,6.4,3.6,5.8,13.5,13.7,7.3,10.8,17.9,0,0.4,0.1,1.7,0,174.6,8,18.2,33.9,1.1,2.8,0.9,37.1,189.5,0.1,0,0.5
201806,892.3,92.5,4.5,8.2,29.5,16.6,0.1,60.3,0.2,1,666.5,130.6,100.7,39.2,50,16.4,6.4,1,652.5,102.4,22.2,28,55.1,1.9,16.7,527,178.8,24.6,60.5,12.4,0.5,38.8,15.3,73.4,114.6,2.5,1.6,4.3,10.2,2.7,1.1,2.2,1,4.8,0.3,5,2,27.3,24.9,10.8,6,29.8,2.1,10.6,7.4,1.4,16.5,2.5,6.7,3.4,5.4,16.7,11.4,10.6,5.3,26.2,0,0.7,0.4,2.3,0,174,7.9,18.6,33.1,1.1,2.8,0.9,37.6,177.5,0.1,0,0.3
201807,982.8,54.9,4.4,5.7,19.9,14.6,0.1,71.5,0.9,0.8,476.5,161.7,74.4,65.3,63.2,6.5,3.8,0.9,296.3,95.3,21.7,8.5,22.2,4.9,5.2,409.3,180,17.6,73.2,9.2,0.3,37.2,14.5,86.5,57.8,2.5,0.7,4.5,35.6,1.6,0.9,0.8,1.2,2.6,0.5,5.5,0.8,23.1,16.9,13.2,4.6,38.7,2.2,12.3,0.7,0,16.6,2.1,7,3.7,5.2,13.9,10.2,12,3.8,20.8,0.1,0.7,1.3,3.6,0.1,180.5,7.8,20,33.1,1.1,2.8,0.8,37.8,174.9,0,0,0.2
201808,1013.1,29.4,0.2,7.4,11.5,11.9,0.1,86.3,1.7,0.8,144.7,122.7,17.6,49.2,39.4,1.4,0.5,1.2,166.7,100.7,25.2,3.1,3.1,2,0.9,394.2,177.4,18,55.5,7.6,0.5,37.7,14.7,55.5,33.9,3.4,0.4,3.5,22.6,0.7,0.1,0.2,0.9,3.9,1.5,5,0,26.5,15.9,11.8,3.2,89.8,2.5,26.7,0.8,0,19.5,2.7,9.8,3.5,1.8,14.4,10.7,7.9,2.2,5.2,0.1,0.7,0.8,2.3,0.2,182.9,7.4,18.6,31.6,1.1,2.5,0.7,38.5,169.2,0,0,0.2
201809,1028.8,10.4,0.2,11,6.9,9.5,0.1,82.4,1.8,1.5,147.7,104.9,6.8,23.8,11.8,0.6,0.1,1.3,179.3,99.1,27.9,0.4,0.8,0.6,0,415.6,183.3,13.2,34.5,7.2,1.6,40.4,15.1,32.1,15.4,4,0.4,7,6.8,0.5,0,0.5,2.1,2,2.3,4.5,0,36.3,43.3,10.9,6.2,90.6,2.4,15.5,9.5,0,14.4,1,15.8,3.8,2.2,9.2,10.8,6,2.4,1.5,0.5,2.3,0.1,2,0.3,176.3,6.8,18,31,1,2.2,0.7,39,161.7,0,0,0.1
201810,1029.9,3.2,1,44.4,2.5,8.9,0.1,93,1.6,1.9,150.1,87.6,1.8,4,1,0.4,0,1.3,197.8,110.7,23.2,0.1,0.4,0,0,425.7,182.4,12.7,31.6,6.8,8.3,46.6,14.5,17.3,14,3.6,0.3,9.8,2.8,0.3,0,1,3.2,1.9,2.8,4.3,0,34.2,34.5,23.1,13.3,66.4,2.3,15.3,7.4,4,10.8,0.5,32.7,3.9,2.9,4.8,9.6,4.3,1.1,0,2.5,3.9,0,2.5,0.3,178.2,6.4,18.1,29.5,1,2,0.6,39.5,164.5,0.2,0,0
201811,1101.9,0.4,2.4,104.3,0,9,0.1,94,0.5,3.5,175.7,83.2,2.7,5.1,0.3,1,0,1.3,277.1,115.5,24.1,0,0.1,0,0,441.5,186.2,13.1,32.6,7.9,11.6,57.9,12.2,22.8,13.5,2.5,0.3,12.1,2,0.1,0.1,1.3,1.5,2.9,3.9,4.2,0,36.1,26.8,42.7,36.6,60.2,2.3,19.9,10.4,5.1,13.2,1.5,21.5,4,2.3,3,7.7,2.5,1.2,0,3.7,3.3,0,1.9,0.2,170.2,6.4,17.8,29.8,1,1.9,0.6,40.1,161.9,1.7,0.3,0.6
201812,1058.1,0.2,3.5,159.5,0,9.4,0.1,84.7,0.1,1.6,308.6,100.8,1.3,1.5,0.1,1.9,0,1.2,269.8,114.8,28.4,0,1.2,0,0,504.8,198.1,19.9,29,7.7,101.8,64,13,13.5,15.9,1.9,1.9,10.4,1.9,0.2,0.2,1.2,1.1,3.6,3.4,4.2,0,32.8,18.8,28.7,18.6,55.8,2.1,12.5,6.6,2.6,15.4,1.5,20.2,4.2,2.8,2.4,6.8,0.6,3,0,1.2,0.6,0,0.2,0,180.4,6.6,21.1,31.3,1.1,1.8,0.7,40.6,165.3,0.8,0.1,0.5
201901,868.2,0.5,1.9,112.4,0,9.1,0.2,80.3,0.1,0.6,148.5,102.7,0.5,0,0,1.6,0,2.2,223,98.1,23.6,0.1,1.8,0.1,0,504.5,192.7,27.5,25.1,13.1,166,52.8,11.8,6.7,16,3,8.6,9.9,3.3,1.2,1.1,6,1.8,5,2.7,3.3,0,31.7,36.4,26.9,5,45.7,2.2,16.4,3.5,2.6,17.5,3.1,7,3.7,4.5,3,9.4,0,4.6,0,0.1,0.3,0,0,0,170.5,5.8,18.2,28.3,0.9,1.8,0.6,40.1,175.7,0.3,0,0.7
201902,790.3,7.2,2.5,99,0,9.9,0.2,67.1,0.1,0.5,144.1,107.1,0.5,0,0,1,0,2.7,291.1,96.1,22.7,0.1,5.3,0,0.1,610.5,196.9,30.8,29.9,18,67.6,51.3,13.3,13,17,7.3,22.5,12,5.6,1.7,2.1,9.2,1.7,5.7,2.5,3.8,0,30,30.2,23,1.6,33.6,2.4,17.2,5.5,2.3,15.5,1.8,9,4.4,4.8,1.6,13.1,0.1,9.5,0.1,0,0.3,0,0,0,153,6.4,17.8,29.7,1,2.2,0.7,40.2,171.1,0.7,0.1,2.7
201903,880.2,23.1,4.4,72.8,8,11.2,0.2,75.6,0.1,0.9,294.2,78,1.4,0.4,0.3,2.4,0,2.5,474.6,100.3,21.5,0.5,11,0,0.1,812.5,192.5,33.1,31.9,14.4,28.1,48.6,14.4,39.6,46.2,7.8,23,12.8,7.5,3.5,3.7,8.5,1.7,5.8,1.1,4.8,0,32,49.8,14.8,1.1,27.5,2,20.3,6.4,1,16.1,2.9,10.2,4.2,6.3,1.6,19.3,0,14.8,0.3,0.1,0.4,0,0,0,172.1,6.8,18.2,30.8,1.1,2.4,0.7,40.2,183.9,0.7,0.1,1.9
201904,712.5,58.7,13.6,19.9,51.1,13.2,0.2,74.5,0,3.3,407.4,61.5,30.7,0.8,12.3,26,2.7,4.1,1039.4,107,28.6,21.4,30.8,0,5.6,947.5,185.8,31.2,32.3,16.4,5.2,45.2,13.8,57.8,87.6,4.4,12.8,9.2,7.3,4.7,2.7,6.2,0.9,4.6,0.5,4.9,0,28.4,75.9,9,2.6,65.5,2.1,19.1,4.2,0.3,15.5,1.9,7.5,4.4,3.7,4.6,17,1.3,15,9.6,0.1,0.8,0,0,0,177.6,7.7,18.4,32.8,1.1,2.9,0.8,40.3,190,0.1,0,0.3
201905,763,75.9,15.8,12.2,76,17.4,0.1,70.4,0,2.1,434.1,75.5,76.8,7.6,30.9,28,9.6,2.8,1244.8,113.1,27.2,36.4,64.6,1,17.9,784.1,187.2,31,51.6,16.2,1.6,43.3,14,69.6,134.5,2.2,4.8,7.4,6.6,4.1,1,3,1.1,6.5,0.2,5,0.7,26.7,59.5,9.5,2.7,36.3,2.7,15.7,2.3,0.2,13.9,3.2,4.7,4.5,2.8,12.8,12.8,6.6,8.8,17.7,0,2.1,0.1,1.6,0,182.1,8,18.7,33.7,1.1,2.8,0.8,40.7,194.6,0.1,0,0.5
201906,763.6,91.6,6.2,6.5,40.3,18.2,0.1,62.2,0.4,0.7,567.1,152.4,99.4,39.2,54.7,14.3,5.7,2.3,624.9,108.2,22.3,24.8,45.1,2.3,14,537.6,185,27,61.6,12.5,1.1,39.8,14.3,66.6,123.2,2.4,3.6,6.2,7.3,3,1.1,1.2,1.4,5.1,3.1,4.2,2.2,28.5,25.8,11.3,3.9,36.8,2.1,15.5,2.5,1.1,12.2,4.2,4.2,4.1,4.8,17.9,11.3,11.5,4.5,27.1,0,2.3,0.2,3.2,0,182,8,19.9,33.9,1.2,2.8,0.8,40.5,184.7,0,0,0.2
201907,1074.1,61,2,5,7.4,14.6,0.1,62.5,0.6,0.7,347.4,207.9,59,59,60.1,5.7,2.8,0.6,279,98,20.8,8,20.5,2.7,3.1,412.7,183.2,18,78.2,10.6,0.7,40.1,13.9,85.3,52.7,2.1,2,4.9,29.9,1.6,1,0.6,1.4,4.1,0.8,4.6,1.6,22.5,12.3,10,2.7,46.2,2.2,19.8,1.5,1,17.4,4.2,5,4.2,5.4,14,7.8,10.3,3.8,20.8,0.1,0.9,1.3,2.9,0,188.2,7.8,21.4,33.3,1.2,2.7,0.8,40.4,179,0,0,0.2
201908,1050.4,29.9,0.1,7.3,8,10.9,0.1,76.5,2.4,0.5,124.7,107.5,28.6,51.7,38.9,5.6,0.1,1.3,224.7,100,25.7,2.1,5.7,1.7,0.6,407.1,178,13.1,63.2,8.3,1.9,38.2,13.1,56.4,23.5,3.7,0.5,3.9,13.7,1.1,0.1,0.2,0.6,4.4,2.1,4.6,0,25.6,16.7,15.5,4.7,95.2,2.7,25.5,1.4,1.7,20.6,2.9,10.2,3.9,2.8,12.9,9.8,10,2.2,6.8,0.3,0.6,1.1,2.2,0,191.1,7.4,19.7,32.2,1.1,2.5,0.7,40.4,171.4,0,0,0.1
201909,1033.9,9.5,1.5,14.2,0.1,9.2,0.1,81.8,2.3,0.8,145.1,93.6,4.2,17.9,11.9,2.1,0,1,202.2,98.8,28.5,0.6,1.1,0.5,0,415.5,184.8,16.1,39.5,8.5,4.7,41.2,12.9,35.5,17.4,3.4,0.4,8.1,4.3,0.9,0.1,0.5,1.5,4.4,3.1,4.5,0,32.6,31,10.2,6.2,62.1,2.4,24,7.7,4.6,19.5,3.3,12.5,3.8,2.7,7,9.2,3.8,1.4,0.7,0.9,2.4,0.1,3.1,0.1,183.6,7,19.1,31,1,2.1,0.7,40.5,166.2,0,0,0.2
201910,1050.1,3.2,4.2,50.5,0,8.9,0.1,101,0.9,1.7,134.8,90.1,1.4,5.5,1,1,0,1.2,258.8,115.3,30.7,0.2,1.2,0,0,433.8,182.5,17.6,35,8.9,12.2,46.2,14.3,25.3,17.8,4.2,0.4,13.5,2.3,0.5,0.1,1.1,3.1,4.1,4.1,4.6,0,32.1,37.8,25.5,11.3,60.2,2.4,16.8,10.5,4.1,16.6,2.6,24,3.9,1.8,4.6,6.3,5,0.9,0,2.1,4.1,0,2.2,0.2,185.4,6.5,18.9,30.5,1,1.9,0.6,41.1,168.2,0.2,0,0
201911,1007.1,0.8,1.2,98.4,0,9.4,0.1,94.5,0.3,3.4,157.5,81.6,1.8,3.8,0.2,1.1,0,1.3,263.8,119.6,27.3,0.1,1.6,0,0,451.2,191.2,21.9,32.3,9.4,27.4,53.9,15.2,30,18.5,2.5,0.6,19.2,2.2,0.1,0.1,1.3,1.9,5.5,4,4.4,0,34.1,24.3,21,18,59.9,2.2,11.6,7.4,9.4,13.3,2.1,23.5,4.4,1.4,3.7,6,1.3,1.3,0,3.5,5.8,0,1.2,0.3,176.7,6.4,18.8,30.4,1,1.9,0.6,41.8,166.5,1.7,0.3,0.6
201912,909.5,1.9,3.1,141.6,0,9.6,0.1,85.9,0.2,0.8,286.1,112.8,0.8,2.6,0,0.8,0,1.3,262.9,122.4,22,0,1.9,0,0,531.1,192.5,22.1,29.3,8.5,111.2,64.6,15.1,17.3,17.6,2.2,0.8,20.5,2.9,0.4,0.3,1.5,1.6,9,4,4.2,0,32.6,17.4,25.2,23.1,67.2,2.1,11.5,1.3,6.1,13.5,3.2,14.1,5,2.5,2,7.2,0.2,2.6,0,0.9,1.4,0,0,0.1,187.4,6.5,21.9,31.5,1.1,1.8,0.7,42.1,169.8,0.8,0.1,0.4
202001,839.4,0.5,2.2,145.1,0,9.3,0.2,82.1,0.1,0.6,214.7,107.8,0.1,0,0,0.9,0,2,258.6,104.1,20.5,0,1.4,0,0,504.3,198,25,26,14.1,193,53.3,14.2,6.4,18,2.8,6.8,13.6,3,0.9,0.9,4.3,1.9,8.6,1.8,3.2,0,27.3,25.7,33.4,3.5,56.9,2.4,15.4,1.7,2.5,15.3,4.6,4.2,3.4,4.9,2.4,11.3,0,5.2,0,0.1,0.3,0,0,0,175.7,5.9,19.2,28.8,0.9,1.8,0.6,40.9,177.5,0.3,0,0.7
202002,752.6,7.8,1.9,98.5,0,10.6,0.2,76.3,0.1,0.3,193.8,121.2,0.7,0.1,0.1,2.6,0,2,320.6,100.8,19.2,0.1,3.1,0,0.1,610.5,195.8,29.1,33.1,17.5,122.6,51.2,16.1,14.1,24.6,5.4,16.3,14.3,5.3,1.8,1.8,7.8,2.7,6.2,0.6,4.3,0,36.3,41.5,17.8,2.1,36.8,3.2,20,5.6,2.3,15,3.6,3.5,4,4.1,1.7,15.4,0,9.8,0,0.1,0.3,0,0,0,158.1,6.3,18.6,30.5,1,2.2,0.7,41.2,174.7,0.6,0.1,2.6
202003,637.3,26,2.3,68.5,10.2,11.3,0.2,76.3,0.1,0.4,307.4,71.4,2,0.2,0.2,7.4,0,4.4,555.4,102.7,17.6,0.7,10.1,0,0.3,866.1,192.1,32.2,36.4,13.1,30.6,49.6,16,31.7,51.9,6.9,22.4,12.5,6.9,3.2,2.6,7.8,1.5,7.4,0.4,4.5,0,32.9,48.9,17.7,1.5,28.2,2.6,21.2,2.3,0.8,17,2.7,6.8,2.7,4.5,2.6,16.2,0.2,14.6,0.2,0,0.6,0,0,0,177,6.5,18.2,29.2,1,2.4,0.7,41.1,187.7,0.6,0.1,1.9
202004,719.3,61,4.8,17.1,56.7,14.6,0.2,77.4,0,2.7,364.2,65.9,26.7,1.2,13.4,35.9,4.6,4.3,1164.5,100.5,22.2,24.8,33,0.2,8.7,1008.8,188.4,31.8,40.7,14.4,8.1,45.6,14.9,54.6,85.6,3.2,10,7.8,7,4.3,2.9,6.1,1.2,7.3,0.2,4.8,0,32.2,77.8,10.9,2.1,43.1,2.1,19.4,6.9,0.2,20.2,2.5,2.1,3.1,4.3,4.2,13.5,1.8,13,12.6,0.1,0.6,0,0.1,0,181.1,7.1,18,30.1,1,2.8,0.8,41,190.2,0.1,0,0.2
202005,915.4,84.4,3.1,9.8,75.2,18.1,0.1,79.7,0,2.2,627.3,91.8,101.3,6.7,31.1,27.8,8.1,2.9,1178.8,117.9,24,43.7,67.5,0.7,21.4,831.1,191.5,35.2,58.4,14.6,4.1,46.3,15.8,73.9,172.3,2.4,2.6,6.5,6.3,4.1,1.1,3.6,0.9,8,0.2,4.5,1.7,28.2,66.8,10.9,3.5,43.2,2.5,19,5,0.2,17.5,3.5,1.9,2.9,3.4,12.5,12.3,7,9.8,19.5,0,1.1,0.1,1.6,0,178.3,7.4,17.7,30.9,1.1,2.7,0.8,41.3,191.7,0.1,0,0.5
202006,927.5,89.8,1.7,5.7,21.7,19.6,0.1,70.5,0.2,0.5,622.9,120.2,98.9,42.8,53.9,13.6,7,2.5,625.1,109,22.2,21.2,44.2,3.2,11,556.6,186.6,27.1,66,12.2,1.3,42.6,15.1,80.2,138,2.7,1.2,4.3,8.8,3.1,1.5,1.7,0.7,6.8,0.8,4.6,2.4,30,17.7,7.9,4.3,40.9,1.8,9,1.3,0.9,12.8,4.1,1.7,3.3,4,16.8,13.4,11.8,5,27.9,0,1.4,0.4,3.5,0,177.4,7.7,18.1,31,1.1,2.7,0.8,41.1,184.5,0,0,0.2
202007,834.3,58.6,0.5,11.5,10.2,16.2,0.1,67,0.9,0.3,250.7,116.4,65.1,67.4,65.1,4.5,3.6,1,204.4,106.6,21.8,6.4,14,5.3,1.2,427.6,187.3,15.4,82.6,9.3,1.3,43.3,15.4,91.7,72.5,3,0.7,6.3,25.8,1.9,0.9,0.8,2,7.7,0.6,4.1,1,25.8,11.1,9.2,3.2,52.3,2.2,11.4,1.8,1.6,16.1,3.2,2.3,3.7,4.6,16.2,12,10.9,4.4,17,0,0.8,1.3,2.7,0,182.9,7.1,19.7,31.5,1.1,2.7,0.8,41.2,177.7,0,0,0.2
202008,853.1,29.1,0,7.5,0.2,12.7,0.1,73.3,2.3,0.3,143.7,94.6,19.5,45.2,32.6,1.7,0,1.4,145.3,113.1,16.1,1,2.7,1,0,439.8,182.3,14.8,66.6,8.9,1.1,38.5,14.5,57.9,23.2,3.2,0.4,7.6,11.3,1.3,0.1,0.2,1.5,5.7,1.7,4.2,0,25.9,20.3,12.6,5.4,81,2.3,12.1,1.6,2.8,21.3,4.1,4.3,3.8,3.2,14.2,11.3,8,2,4.9,0.2,0.5,0.7,1.4,0,176,7.2,18.9,30.2,1.1,2.4,0.7,41.2,174.2,0,0,0.1
202009,945.6,10.5,1.1,10.5,0.1,10.6,0.1,80.3,1.8,0.5,143.1,64.4,4.9,10.7,6,1.9,0,0.8,203.5,109.3,16.8,0,0.8,0,0,445.2,188.5,18.9,43.1,9.7,6.5,51.5,15.5,46.4,25.4,3.3,0.3,6.8,5.9,0.7,0.1,0.7,1.7,6.9,3.1,4.8,0,30.1,33.8,12.1,8.3,58.7,1.7,16.1,8,5.1,17.4,3.3,9.4,3.6,3.3,7.3,8.4,4.2,0.9,0.4,0.5,2.7,0.1,2.5,0.1,175,6.7,18.8,29.6,1,2.1,0.7,41.4,167.9,0,0,0.2
202010,1064.1,3.1,0.6,49.6,0,9.8,0.1,80.3,1.1,1.8,153.6,70.5,0.5,4.4,0.3,1.3,0,1,243.8,120.8,22.4,0,0.5,0,0,450,194.1,21,35.5,8.7,11.9,46.8,16.4,26.5,16.7,3.1,0.3,10.2,2.3,0.4,0.1,2.3,2.6,6.6,4.8,5.1,0,31,29,15.5,10.9,45.7,1.6,11.3,11.6,6.2,17.1,2.9,19.2,3.2,2.4,5.6,7.1,3.1,1.2,0,5,3.9,0,3.2,0.1,177.7,6.4,18.4,28.9,1,1.9,0.6,41.9,169.2,0.2,0,0
202011,957.6,0.6,0.7,113.6,0,9.7,0.1,77,0.3,2.7,154.2,109.6,0.2,8.3,0.1,1.3,0,1.4,264,125,27.2,0,1.1,0,0,445.3,200.2,22.5,31.3,8.7,24.7,55.7,15.2,22.7,15,1.9,0.4,15.9,2.2,0.3,0.1,2.3,1.9,6.7,4.2,5.2,0,33.9,16,32.8,29.4,63.6,2,10.5,7.2,9.8,15.9,4.3,15.8,3,1.8,2.6,6,1.6,1.9,0,3.1,3.4,0,0.4,0.2,169,6.3,18.8,29.5,1,1.9,0.6,42.5,168.4,1.7,0.3,0.5
202012,1022.7,0.3,0.4,198.2,0,9.1,0.1,80.3,0.1,1.2,250,92.6,0.3,0.7,0,1.3,0,0.9,285.3,116.3,13.8,0,1.7,0,0,519.7,200.4,30.2,33.7,8.2,89.2,68.4,16.8,19.3,17.7,2.6,0.8,9.8,3.4,0.2,0.2,1.7,1.2,8,3.2,5.2,0,30.4,16,23,16.5,53.1,1.7,12.2,0.9,5.2,12.5,3.6,10.9,3.6,2.7,1.6,5.9,0.1,3.6,0,0.3,0.8,0,0,0.1,179.6,6.4,21.9,30.7,1.1,1.8,0.7,42.7,174.3,0.8,0.1,0.4
202101,768.3,0.8,0.7,186.7,0,8.2,0.2,79.6,0.1,0.2,226.1,92.2,0.2,0,0.1,1.8,0,2.4,321,101.3,18.5,0,1.4,0,0,509.1,194.3,30.3,24.9,14.1,149.3,54.2,15.6,5.8,19.1,3.6,5.3,14.4,3.9,0.8,1,5.3,1.8,7.5,0.9,3.6,0,25.6,31.9,39.3,4,59.8,1.8,15.4,1.9,4,15.3,3.7,5.7,4,6.4,2.4,10.6,0,7,0,0.1,0.2,0,0,0,172.6,5.7,19.3,28.9,1,1.9,0.6,41.7,182.1,0.3,0,0.6
